{
  "trained_at": "2026-07-19T05:15:54.460506+00:00",
  "seed": 42,
  "rows": 900,
  "train_rows": 720,
  "test_rows": 180,
  "baseline_metrics": {
    "rmse": 26615.82224814481,
    "mae": 20612.85949960199,
    "r2": 0.892296637842213
  },
  "tuned_metrics": {
    "rmse": 29634.836563248286,
    "mae": 22965.786804727082,
    "r2": 0.8664774681730771
  },
  "selected_model": "baseline"
}
